<?xml version="1.0" encoding="utf-8" standalone="yes"?>
<root>
    <windows>
        <driver id="googlechrome">
            <version id="2.46">
                <bitrate thirtytwobit="true" sixtyfourbit="true">
                    <filelocation>http://chromedriver.storage.googleapis.com/2.46/chromedriver_win32.zip</filelocation>
                    <hash>a95696782d22d94bb60f83a315e8a584f2ff5db2</hash>
                    <hashtype>sha1</hashtype>
                </bitrate>
            </version>
        </driver>
    </windows>
    <linux>
        <driver id="googlechrome">
            <version id="2.46">
                <bitrate sixtyfourbit="true">
                    <filelocation>https://chromedriver.storage.googleapis.com/2.46/chromedriver_linux64.zip</filelocation>
                    <hash>402a44dc7719f7d40d4493942e2bd3238fa99ce5</hash>
                    <hashtype>sha1</hashtype>
                </bitrate>
            </version>
        </driver>
    </linux>
    <osx>
        <driver id="googlechrome">
            <version id="2.46">
                <bitrate sixtyfourbit="true">
                    <filelocation>https://chromedriver.storage.googleapis.com/2.46/chromedriver_mac64.zip</filelocation>
                    <hash>c0d44dea937978f4c762a63ceda539f8c64bb5c5</hash>
                    <hashtype>sha1</hashtype>
                </bitrate>
            </version>
        </driver>
    </osx>
</root>
